u,v,w,p,q,r,phi,theta,psi,roll_ctrl,pitch_ctrl,yaw_ctrl,throttle_ctrl,E,N,U,u_dot,v_dot,w_dot,p_dot,q_dot,r_dot,phi_dot,theta_dot,psi_dot,delta_a,delta_e,delta_r,delta_T,timestamp
-0.00087536,0.000116579,-0.000284016,5.14171e-05,-0.000281654,-0.000145311,-0.00648697,0.023589,3.13966,0.00785674,1,0,-1,366990,4.42991e+06,224.312,-0.00183354,0.0123783,0.0376047,-0.00519159,0.0437156,-0.000888049,4.80319e-05,-0.000282591,-0.000143521,0.237667,-20,0.100399,0,1621627943321172004
-0.000760515,0.000122755,0.000226176,1.51589e-05,0.000395088,-0.000160148,-0.00648671,0.0235926,3.13965,0.00784326,1,0,-1,366990,4.42991e+06,224.312,-0.000908574,0.00488459,0.0296294,-0.00124208,0.0414439,-0.000924215,1.13195e-05,0.000394041,-0.000162752,0.237595,-20,0.100437,0,1621627943331201690
-0.000760515,0.000122755,0.000226176,1.51589e-05,0.000395088,-0.000160148,-0.00648671,0.0235926,3.13965,0.00783502,1,0,-1,366990,4.42991e+06,224.312,-0.000908574,0.00488459,0.0296294,-0.00124208,0.0414439,-0.000924215,1.13195e-05,0.000394041,-0.000162752,0.237595,-20,0.100437,0,1621627943341200030
-0.000778276,0.000122508,0.000550976,9.57019e-07,0.000925959,-0.00017088,-0.00648669,0.0236044,3.13965,0.00783502,1,0,-1,366990,4.42991e+06,224.312,-0.000389341,-0.00320812,0.0195842,-0.00120093,0.033969,-0.000650989,-3.21897e-06,0.000924831,-0.000176932,0.237505,-20,0.100476,0,1621627943351165308
-0.000898573,0.00011822,0.000783665,-1.28055e-05,0.00140158,-0.000179203,-0.00648691,0.0236246,3.13965,0.00784507,1,0,-1,366990,4.42991e+06,224.312,-6.80639e-06,-0.00919146,0.0132956,-0.00078642,0.0290798,-0.000503139,-1.72547e-05,0.00140038,-0.000188344,0.23769,-20,0.100502,0,1621627943361224415
-0.000898573,0.00011822,0.000783665,-1.28055e-05,0.00140158,-0.000179203,-0.00648691,0.0236246,3.13965,0.00786036,-1,0,-1,366990,4.42991e+06,224.312,-6.80639e-06,-0.00919146,0.0132956,-0.00078642,0.0290798,-0.000503139,-1.72547e-05,0.00140038,-0.000188344,0.23769,-20,0.100502,0,1621627943371202023
-0.0010384,0.000100978,0.000111368,3.39907e-05,0.000565574,-0.000162365,-0.00648659,0.0236378,3.13964,0.00786036,-1,0,-1,366990,4.42991e+06,224.312,0.00164043,-0.00483371,-0.0350904,0.00260603,-0.0462637,0.000923389,3.00654e-05,0.000564509,-0.000166076,0.237881,14.755,0.100488,0,1621627943381170019
-0.0010384,0.000100978,0.000111368,3.39907e-05,0.000565574,-0.000162365,-0.00648659,0.0236378,3.13964,0.00785052,-1,0,-1,366990,4.42991e+06,224.312,0.00164043,-0.00483371,-0.0350904,0.00260603,-0.0462637,0.000923389,3.00654e-05,0.000564509,-0.000166076,0.237881,14.755,0.100488,0,1621627943391203186
-0.00100188,9.38727e-05,-0.000324917,6.0842e-05,-0.000103812,-0.000148304,-0.00648576,0.0236387,3.13964,0.00785052,-1,0,-1,366990,4.42991e+06,224.312,0.000922987,0.00463009,-0.0243961,0.00153258,-0.0397977,0.000835784,5.73516e-05,-0.000104772,-0.000147669,0.237655,14.7407,0.100444,0,1621627943401173509
-0.000843756,9.01939e-05,-0.000717962,0.000114599,-0.000728146,-0.00013326,-0.0064843,0.023629,3.13964,0.00785005,-1,0,-1,366990,4.42991e+06,224.312,0.000832613,0.011176,-0.025754,0.00597245,-0.0364663,0.000905198,0.000111561,-0.000728995,-0.000128571,0.237614,14.7587,0.100404,0,1621627943411197680
-0.000843756,9.01939e-05,-0.000717962,0.000114599,-0.000728146,-0.00013326,-0.0064843,0.023629,3.13964,0.00785174,1,0,-1,366990,4.42991e+06,224.312,0.000832613,0.011176,-0.025754,0.00597245,-0.0364663,0.000905198,0.000111561,-0.000728995,-0.000128571,0.237614,14.7587,0.100404,0,1621627943421169567
-0.000662255,0.000107354,-0.000238635,0.000110474,-5.42822e-05,-0.000140827,-0.00648252,0.0236254,3.13964,0.00785174,1,0,-1,366990,4.42991e+06,224.312,-0.00161526,0.00846686,0.026896,-0.000203974,0.039223,-0.000425983,0.000107155,-5.5194e-05,-0.000140511,0.237537,-20,0.100393,0,1621627943431173891
-0.000662255,0.000107354,-0.000238635,0.000110474,-5.42822e-05,-0.000140827,-0.00648252,0.0236254,3.13964,0.00782423,1,0,-1,366990,4.42991e+06,224.312,-0.00161526,0.00846686,0.026896,-0.000203974,0.039223,-0.000425983,0.000107155,-5.5194e-05,-0.000140511,0.237537,-20,0.100393,0,1621627943441172109
-0.000617842,0.000125198,0.000181707,0.000138306,0.000632384,-0.000149385,-0.00648024,0.0236338,3.13963,0.00782423,1,0,-1,366990,4.42991e+06,224.312,-0.00155365,0.000145115,0.0216576,0.00172403,0.0370815,-0.000451804,0.000134678,0.000631403,-0.000153522,0.237102,-20,0.100416,0,1621627943451169740
-0.000709413,0.000142318,0.000427967,0.000144658,0.00111905,-0.000152933,-0.00647804,0.0236495,3.13963,0.00781794,1,0,-1,366990,4.42991e+06,224.312,-0.00142913,-0.00745003,0.0140545,0.000179834,0.0293542,-0.000180652,0.000140869,0.00111803,-0.000160223,0.236964,-20,0.100434,0,1621627943461203928
-0.000709413,0.000142318,0.000427967,0.000144658,0.00111905,-0.000152933,-0.00647804,0.0236495,3.13963,0.00782701,-1,0,-1,366990,4.42991e+06,224.312,-0.00142913,-0.00745003,0.0140545,0.000179834,0.0293542,-0.000180652,0.000140869,0.00111803,-0.000160223,0.236964,-20,0.100434,0,1621627943471205569
-0.000826153,0.000149742,-0.000212303,0.000197539,0.000266683,-0.000129659,-0.00647478,0.0236579,3.13963,0.00782701,-1,0,-1,366990,4.42991e+06,224.312,0.000159063,-0.00327594,-0.0320363,0.00270675,-0.0455822,0.00124591,0.00019443,0.000265838,-0.000131419,0.237036,14.7525,0.100403,0,1621627943481179797
-0.000826153,0.000149742,-0.000212303,0.000197539,0.000266683,-0.000129659,-0.00647478,0.0236579,3.13963,0.00782472,-1,0,-1,366990,4.42991e+06,224.312,0.000159063,-0.00327594,-0.0320363,0.00270675,-0.0455822,0.00124591,0.00019443,0.000265838,-0.000131419,0.237036,14.7525,0.100403,0,1621627943491207732
-0.000763773,0.000164702,-0.0006017,0.000213491,-0.000412114,-0.000110223,-0.00647122,0.0236537,3.13963,0.00782472,-1,0,-1,366990,4.42991e+06,224.312,-0.000431327,0.00584527,-0.0207662,0.000368318,-0.0386109,0.00113104,0.000210947,-0.000412818,-0.000107584,0.236922,14.7486,0.100343,0,1621627943501204275
-0.000763773,0.000164702,-0.0006017,0.000213491,-0.000412114,-0.000110223,-0.00647122,0.0236537,3.13963,0.00782807,-1,0,-1,366990,4.42991e+06,224.312,-0.000431327,0.00584527,-0.0207662,0.000368318,-0.0386109,0.00113104,0.000210947,-0.000412818,-0.000107584,0.236922,14.7486,0.100343,0,1621627943511227249
-0.000636487,0.000190327,5.31159e-05,0.000137627,0.00038387,-0.000115253,-0.00646818,0.0236575,3.13963,0.00782807,1,0,-1,366990,4.42991e+06,224.312,-0.00157538,0.00367788,0.0292287,-0.00202336,0.038105,-0.000316912,0.000134841,0.000383116,-0.000117766,0.237083,-20,0.100321,0,1621627943521171661
-0.000664461,0.000195913,0.000291153,0.00012562,0.000746895,-0.000117186,-0.00646679,0.0236648,3.13962,0.00780412,1,0,-1,366990,4.42991e+06,224.312,-0.000937915,-0.00389248,0.0200187,-0.00126082,0.0316822,-0.000130845,0.000122732,0.000746122,-0.000122048,0.236779,-20,0.100334,0,1621627943531171148
-0.000664461,0.000195913,0.000291153,0.00012562,0.000746895,-0.000117186,-0.00646679,0.0236648,3.13962,0.00780786,1,0,-1,366990,4.42991e+06,224.312,-0.000937915,-0.00389248,0.0200187,-0.00126082,0.0316822,-0.000130845,0.000122732,0.000746122,-0.000122048,0.236779,-20,0.100334,0,1621627943541171390
-0.000807358,0.000200215,0.000577245,0.000100752,0.00125611,-0.000117865,-0.00646489,0.0236856,3.13962,0.00780786,1,0,-1,366990,4.42991e+06,224.312,-0.00047748,-0.00938354,0.013728,-0.00120352,0.026352,-8.18358e-06,9.77674e-05,0.00125532,-0.000126018,0.23688,-20,0.100337,0,1621627943551165310
-0.000990268,0.000199172,0.000719406,8.64864e-05,0.00157964,-0.000117192,-0.00646368,0.0237067,3.13962,0.00782216,1,0,-1,366990,4.42991e+06,224.312,-0.000118848,-0.0139033,0.00911734,-0.000945245,0.0221872,6.29585e-05,8.34656e-05,0.00157885,-0.000127436,0.237134,-20,0.100337,0,1621627943561195240
-0.000990268,0.000199172,0.000719406,8.64864e-05,0.00157964,-0.000117192,-0.00646368,0.0237067,3.13962,0.00783514,-1,0,-1,366990,4.42991e+06,224.312,-0.000118848,-0.0139033,0.00911734,-0.000945245,0.0221872,6.29585e-05,8.34656e-05,0.00157885,-0.000127436,0.237134,-20,0.100337,0,1621627943571203612
-0.00121556,0.000183536,-4.67663e-05,0.000127941,0.000544169,-8.81026e-05,-0.00646135,0.0237225,3.13962,0.00783514,-1,0,-1,366990,4.42991e+06,224.312,0.00139646,-0.00717108,-0.0338647,0.00185464,-0.0491029,0.00138408,0.000125767,0.000543588,-9.16426e-05,0.237294,14.7538,0.100292,0,1621627943581199413
-0.00121556,0.000183536,-4.67663e-05,0.000127941,0.000544169,-8.81026e-05,-0.00646135,0.0237225,3.13962,0.00783173,-1,0,-1,366990,4.42991e+06,224.312,0.00139646,-0.00717108,-0.0338647,0.00185464,-0.0491029,0.00138408,0.000125767,0.000543588,-9.16426e-05,0.237294,14.7538,0.100292,0,1621627943591170238
-0.00119684,0.000178626,-0.000398747,0.000142573,-6.86249e-05,-6.94246e-05,-0.00645938,0.0237236,3.13962,0.00783173,-1,0,-1,366990,4.42991e+06,224.312,0.00081471,0.00347673,-0.0225422,0.000772281,-0.041378,0.00126255,0.000140936,-6.90719e-05,-6.89993e-05,0.237184,14.7433,0.100225,0,1621627943601227889
-0.00105658,0.000174225,-0.000689692,0.000137935,-0.000686377,-4.81515e-05,-0.00645709,0.0237149,3.13962,0.00783215,-1,0,-1,366990,4.42991e+06,224.312,0.000672657,0.0104118,-0.0164333,-0.000749008,-0.0368976,0.00131127,0.000136898,-0.000686673,-4.37308e-05,0.237175,14.7544,0.100169,0,1621627943611202388
-0.00105658,0.000174225,-0.000689692,0.000137935,-0.000686377,-4.81515e-05,-0.00645709,0.0237149,3.13962,0.00782938,1,0,-1,366990,4.42991e+06,224.312,0.000672657,0.0104118,-0.0164333,-0.000749008,-0.0368976,0.00131127,0.000136898,-0.000686673,-4.37308e-05,0.237175,14.7544,0.100169,0,1621627943621212032
-0.00105658,0.000174225,-0.000689692,0.000137935,-0.000686377,-4.81515e-05,-0.00645709,0.0237149,3.13962,0.00782938,1,0,-1,366990,4.42991e+06,224.312,0.000672657,0.0104118,-0.0164333,-0.000749008,-0.0368976,0.00131127,0.000136898,-0.000686673,-4.37308e-05,0.237175,14.7544,0.100169,0,1621627943631257288
-0.00105658,0.000174225,-0.000689692,0.000137935,-0.000686377,-4.81515e-05,-0.00645709,0.0237149,3.13962,0.00782938,1,0,-1,366990,4.42991e+06,224.312,0.000672657,0.0104118,-0.0164333,-0.00547127,0.0384135,9.42151e-05,0.000136898,-0.000686673,-4.37308e-05,0.237147,-20,0.100138,0,1621627943641335142
-0.000738384,0.000155762,0.000499447,2.83683e-05,0.000806015,-4.63002e-05,-0.00645603,0.0237333,3.13961,0.00782938,1,0,-1,366990,4.42991e+06,224.312,0.000586392,0.00256338,0.0227141,0.000105105,0.0346785,-3.54877e-06,2.71457e-05,0.0008057,-5.15174e-05,0.237385,-20,0.100132,0,1621627943651253853
-0.000738384,0.000155762,0.000499447,2.83683e-05,0.000806015,-4.63002e-05,-0.00645603,0.0237333,3.13961,0.00780469,1,0,-1,366990,4.42991e+06,224.312,0.000586392,0.00256338,0.0227141,0.000105105,0.0346785,-3.54877e-06,2.71457e-05,0.0008057,-5.15174e-05,0.23701,-20,0.100133,0,1621627943661218797
-0.000910762,0.000133344,0.000708555,1.57415e-05,0.00132552,-4.10043e-05,-0.00645566,0.0237585,3.13961,0.00780469,-1,0,-1,366990,4.42991e+06,224.312,0.000859185,-0.00982668,0.0085956,-0.000572389,0.0234679,0.000267844,1.45638e-05,0.00132523,-4.95744e-05,0.237024,-20,0.100125,0,1621627943671209988
-0.00102528,0.000113054,0.000233955,4.26033e-05,0.000728386,-2.12135e-05,-0.00645524,0.0237688,3.13961,0.00782054,-1,0,-1,366990,4.42991e+06,224.312,0.00247273,-0.00729876,-0.0375451,0.00224727,-0.0489803,0.00162591,4.19872e-05,0.000728234,-2.59222e-05,0.237246,14.7571,0.100088,0,1621627943681208073
-0.00104659,9.91575e-05,-9.89785e-05,6.06003e-05,0.000247849,-4.7381e-06,-0.00645465,0.0237726,3.13961,0.00781344,-1,0,-1,366990,4.42991e+06,224.312,0.00193118,-0.000203796,-0.0296229,0.00161749,-0.0442724,0.00152357,6.04496e-05,0.000247813,-6.33956e-06,0.237091,14.7455,0.100037,0,1621627943691207963
-0.00100129,8.78735e-05,-0.000372868,7.30795e-05,-0.000204548,1.11096e-05,-0.00645387,0.0237716,3.13961,0.00781262,-1,0,-1,366990,4.42991e+06,224.312,0.00150691,0.00565339,-0.0230454,0.000905952,-0.0397077,0.00139127,7.3375e-05,-0.000204472,1.2433e-05,0.237044,14.7456,0.0999902,0,1621627943701174391
-0.00100129,8.78735e-05,-0.000372868,7.30795e-05,-0.000204548,1.11096e-05,-0.00645387,0.0237716,3.13961,0.00781271,-1,0,-1,366990,4.42991e+06,224.312,0.00150691,0.00565339,-0.0230454,0.000905952,-0.0397077,0.00139127,7.3375e-05,-0.000204472,1.2433e-05,0.237044,14.7456,0.0999902,0,1621627943711167329
-0.00089587,8.28967e-05,0.000121217,2.99292e-05,0.000436935,1.05e-05,-0.00645315,0.023777,3.13961,0.00781271,1,0,-1,366990,4.42991e+06,224.312,-0.000118495,0.00330375,0.0229621,-0.00171519,0.0317567,-1.72814e-05,3.01118e-05,0.000436994,7.68237e-06,0.237092,-20,0.0999694,0,1621627943721174285
-0.000914662,7.47119e-05,0.000359091,1.6982e-05,0.000821016,1.08055e-05,-0.00645288,0.0237869,3.13961,0.00780141,1,0,-1,366990,4.42991e+06,224.312,0.000244671,-0.00268005,0.0162298,-0.000810865,0.0273431,3.75386e-05,1.7113e-05,0.000821069,5.50899e-06,0.236973,-20,0.0999698,0,1621627943731165751
-0.000914662,7.47119e-05,0.000359091,1.6982e-05,0.000821016,1.08055e-05,-0.00645288,0.0237869,3.13961,0.00780602,1,0,-1,366990,4.42991e+06,224.312,0.000244671,-0.00268005,0.0162298,-0.000810865,0.0273431,3.75386e-05,1.7113e-05,0.000821069,5.50899e-06,0.236973,-20,0.0999698,0,1621627943741170420
-0.00101253,6.3485e-05,0.000573373,6.00716e-06,0.00123542,1.17392e-05,-0.00645272,0.0238061,3.13961,0.00780602,1,0,-1,366990,4.42991e+06,224.312,0.000410835,-0.00720869,0.0110456,-0.000691855,0.0230922,7.98843e-05,6.09686e-06,0.00123547,3.76827e-06,0.237065,-20,0.0999683,0,1621627943751198213
-0.00116576,5.2424e-05,0.000700376,-3.17733e-06,0.00155153,1.33784e-05,-0.00645273,0.0238289,3.13961,0.00781725,1,0,-1,366990,4.42991e+06,224.312,0.00054206,-0.0108805,0.00696303,-0.000635543,0.0191419,0.000125565,-3.09709e-06,0.00155159,3.36749e-06,0.237255,-20,0.0999644,0,1621627943761189995
-0.00116576,5.2424e-05,0.000700376,-3.17733e-06,0.00155153,1.33784e-05,-0.00645273,0.0238289,3.13961,0.00782969,-1,0,-1,366990,4.42991e+06,224.312,0.00054206,-0.0108805,0.00696303,-0.000635543,0.0191419,0.000125565,-3.09709e-06,0.00155159,3.36749e-06,0.237255,-20,0.0999644,0,1621627943771186676
-0.00116576,5.2424e-05,0.000700376,-3.17733e-06,0.00155153,1.33784e-05,-0.00645273,0.0238289,3.13961,0.00782969,-1,0,-1,366990,4.42991e+06,224.312,0.00054206,-0.0108805,0.00696303,-0.000635543,0.0191419,0.000125565,-3.09709e-06,0.00155159,3.36749e-06,0.237255,-20,0.0999644,0,1621627943781192348
-0.00131813,1.47576e-05,-0.000472528,5.70875e-05,-0.000120347,6.13717e-05,-0.00645121,0.0238375,3.13961,0.00782969,-1,0,-1,366990,4.42991e+06,224.312,0.00153157,0.00177569,-0.0289057,0.00139546,-0.0477427,0.00138276,5.85692e-05,-0.000119948,6.21645e-05,0.237372,14.7488,0.0998882,0,1621627943791201753
-0.00121431,1.09506e-05,-0.000629312,5.50322e-05,-0.000465033,7.18915e-05,-0.00645073,0.0238343,3.13962,0.00783036,-1,0,-1,366990,4.42991e+06,224.312,0.000889867,0.0132905,-0.0176437,-0.000411888,-0.0400667,0.00123539,5.68175e-05,-0.000464559,7.4911e-05,0.237334,14.7665,0.099809,0,1621627943801190688
-0.00096274,3.84218e-06,-0.000859178,4.34574e-05,-0.00103658,9.03611e-05,-0.00644999,0.0238208,3.13962,0.00782771,-1,0,-1,366990,4.42991e+06,224.312,0.000857598,0.0183805,-0.0139548,-0.000866134,-0.0370777,0.00121729,4.57696e-05,-0.00103598,9.70727e-05,0.237309,14.788,0.0997673,0,1621627943811279728
-0.00096274,3.84218e-06,-0.000859178,4.34574e-05,-0.00103658,9.03611e-05,-0.00644999,0.0238208,3.13962,0.00782192,1,0,-1,366990,4.42991e+06,224.312,0.000857598,0.0183805,-0.0139548,-0.000866134,-0.0370777,0.00121729,4.57696e-05,-0.00103598,9.70727e-05,0.237309,14.788,0.0997673,0,1621627943821199092
-0.0006494,2.43531e-06,-0.000268652,-3.49878e-05,-0.00041565,8.6766e-05,-0.00645027,0.0238111,3.13962,0.00782192,1,0,-1,366990,4.42991e+06,224.312,-0.000366427,0.0156479,0.031355,-0.00387132,0.034591,-0.00018962,-3.28576e-05,-0.000415082,8.94706e-05,0.237332,-20,0.0997468,0,1621627943831198713
-0.0006494,2.43531e-06,-0.000268652,-3.49878e-05,-0.00041565,8.6766e-05,-0.00645027,0.0238111,3.13962,0.00778494,1,0,-1,366990,4.42991e+06,224.312,-0.000366427,0.0156479,0.031355,-0.00387132,0.034591,-0.00018962,-3.28576e-05,-0.000415082,8.94706e-05,0.237332,-20,0.0997468,0,1621627943841170975
-0.000470986,-1.12941e-05,0.000172078,-5.89696e-05,0.000156756,8.20786e-05,-0.00645126,0.0238114,3.13962,0.00778494,1,0,-1,366990,4.42991e+06,224.312,0.000325556,0.00830141,0.023648,-0.000177104,0.0325677,-0.000318348,-5.70389e-05,0.000157282,8.10886e-05,0.236897,-20,0.0997569,0,1621627943851194764
-0.000425872,-2.31165e-05,0.000444036,-5.79518e-05,0.000593718,7.74745e-05,-0.00645208,0.0238186,3.13962,0.00777335,1,0,-1,366990,4.42991e+06,224.312,0.000385839,0.00137609,0.016732,-6.01773e-05,0.0283299,-0.000286054,-5.61974e-05,0.000594206,7.36631e-05,0.236723,-20,0.099772,0,1621627943861202287
-0.000425872,-2.31165e-05,0.000444036,-5.79518e-05,0.000593718,7.74745e-05,-0.00645208,0.0238186,3.13962,0.00778159,-1,0,-1,366990,4.42991e+06,224.312,0.000385839,0.00137609,0.016732,-6.01773e-05,0.0283299,-0.000286054,-5.61974e-05,0.000594206,7.36631e-05,0.236723,-20,0.099772,0,1621627943871259353
-0.000425872,-2.31165e-05,0.000444036,-5.79518e-05,0.000593718,7.74745e-05,-0.00645208,0.0238186,3.13962,0.00778159,-1,0,-1,366990,4.42991e+06,224.312,0.000385839,0.00137609,0.016732,-6.01773e-05,0.0283299,-0.000286054,-5.61974e-05,0.000594206,7.36631e-05,0.236723,-20,0.099772,0,1621627943881200912
-0.000425872,-2.31165e-05,0.000444036,-5.79518e-05,0.000593718,7.74745e-05,-0.00645208,0.0238186,3.13962,0.00778159,-1,0,-1,366990,4.42991e+06,224.312,0.000385839,0.00137609,0.016732,-6.01773e-05,0.0283299,-0.000286054,-5.61974e-05,0.000594206,7.36631e-05,0.236847,14.7558,0.0997781,0,1621627943891300976
-0.000179175,-6.49572e-05,-0.000749411,6.11473e-06,-0.00124457,0.000122928,-0.00645183,0.0237851,3.13963,0.00778159,-1,0,-1,366990,4.42991e+06,224.312,0.00111202,0.0123648,-0.0219168,0.000260745,-0.0413454,0.00105059,9.2301e-06,-0.00124375,0.000130992,0.236722,14.764,0.0997091,0,1621627943901317937
-0.000179175,-6.49572e-05,-0.000749411,6.11473e-06,-0.00124457,0.000122928,-0.00645183,0.0237851,3.13963,0.00779129,-1,0,-1,366990,4.42991e+06,224.312,0.00111202,0.0123648,-0.0219168,0.000260745,-0.0413454,0.00105059,9.2301e-06,-0.00124375,0.000130992,0.236722,14.764,0.0997091,0,1621627943911224853
0.000364815,-6.39361e-05,-0.000392878,-2.7986e-05,-0.0010969,0.000124084,-0.00645197,0.0237539,3.13963,0.00779129,1,0,-1,366990,4.42991e+06,224.312,-0.00143457,0.0250156,0.0431756,-0.00321918,0.0464371,-0.000738514,-2.48699e-05,-0.00109607,0.000131196,0.23685,-20,0.0996203,0,1621627943921180617
0.000549077,-6.4011e-05,-1.21103e-05,-4.23962e-05,-0.000601139,0.000115479,-0.0064524,0.0237455,3.13963,0.00777665,1,0,-1,366990,4.42991e+06,224.312,-0.000640473,0.0136876,0.0305199,-0.00106885,0.041099,-0.000713533,-3.95615e-05,-0.000600381,0.000119389,0.236727,-20,0.0996572,0,1621627943931166775
0.000650905,-6.54731e-05,0.000271625,-5.48171e-05,-0.000173074,0.000107365,-0.00645296,0.0237423,3.13963,0.00777798,1,0,-1,366990,4.42991e+06,224.312,-0.000375594,0.00717372,0.0232109,-0.00105574,0.0363291,-0.000701735,-5.2241e-05,-0.000172378,0.00010851,0.236774,-20,0.0996809,0,1621627943941172396
0.000680743,-6.7541e-05,0.000440632,-6.37195e-05,0.000124304,0.000101592,-0.00645349,0.0237428,3.13963,0.00778852,1,0,-1,366990,4.42991e+06,224.312,-0.000153473,0.00206423,0.017478,-0.0011187,0.0318205,-0.000607883,-6.1326e-05,0.000124957,0.000100816,0.236953,-20,0.0997011,0,1621627943951169646
0.000681506,-6.97425e-05,0.000557755,-7.58969e-05,0.000355937,9.70198e-05,-0.00645407,0.0237456,3.13963,0.00779585,1,0,-1,366990,4.42991e+06,224.312,-7.24528e-05,6.67608e-07,0.0147814,-0.00153658,0.0292282,-0.000576964,-7.36473e-05,0.000356556,9.47473e-05,0.237074,-20,0.099709,0,1621627943961164296
0.000656708,-7.30467e-05,0.000649467,-8.73359e-05,0.000565194,9.29376e-05,-0.00645475,0.0237501,3.13963,0.00780098,-1,0,-1,366990,4.42991e+06,224.312,0.000136784,-0.00320405,0.0115583,-0.00144341,0.0264046,-0.000515112,-8.52149e-05,0.000565782,8.93127e-05,0.2371,-20,0.0997221,0,1621627943971197279
0.000618375,-8.87513e-05,5.1629e-05,-3.70994e-05,-0.000189681,0.000105463,-0.00645549,0.02375,3.13964,0.00780452,-1,0,-1,366990,4.42991e+06,224.312,0.0016519,0.000330692,-0.0349516,0.00334028,-0.0464214,0.000732019,-3.45651e-05,-0.000188996,0.000106715,0.237202,14.8081,0.0997142,0,1621627943981164487
0.000618375,-8.87513e-05,5.1629e-05,-3.70994e-05,-0.000189681,0.000105463,-0.00645549,0.02375,3.13964,0.00778639,-1,0,-1,366990,4.42991e+06,224.312,0.0016519,0.000330692,-0.0349516,0.00334028,-0.0464214,0.000732019,-3.45651e-05,-0.000188996,0.000106715,0.237202,14.8081,0.0997142,0,1621627943991244831
0.000729361,-9.20609e-05,-0.000391797,1.27061e-05,-0.000869591,0.000114207,-0.0064554,0.0237383,3.13964,0.00778639,-1,0,-1,366990,4.42991e+06,224.312,0.000613867,0.00872165,-0.0245171,0.0023664,-0.039818,0.000529214,1.55509e-05,-0.000868836,0.000119852,0.23681,14.7465,0.0996853,0,1621627944001224962
0.000955272,-8.60985e-05,-0.000705369,3.8235e-05,-0.00146445,0.000120993,-0.0064548,0.0237164,3.13964,0.00779936,-1,0,-1,366990,4.42991e+06,224.312,-1.67647e-05,0.0153119,-0.0169357,0.00133428,-0.0344091,0.000379408,4.13292e-05,-0.00146364,0.00013048,0.236933,14.7465,0.0996624,0,1621627944011222534
0.000955272,-8.60985e-05,-0.000705369,3.8235e-05,-0.00146445,0.000120993,-0.0064548,0.0237164,3.13964,0.00782135,1,0,-1,366990,4.42991e+06,224.312,-1.67647e-05,0.0153119,-0.0169357,0.00133428,-0.0344091,0.000379408,4.13292e-05,-0.00146364,0.00013048,0.236933,14.7465,0.0996624,0,1621627944021234212
0.00120394,-6.49961e-05,-8.8958e-05,2.15976e-06,-0.000689005,0.000100371,-0.00645459,0.0237014,3.13964,0.00782135,1,0,-1,366990,4.42991e+06,224.312,-0.00183579,0.0114738,0.0328862,-0.00174079,0.043671,-0.00118063,4.64452e-06,-0.000688343,0.000104846,0.237284,-20,0.0996835,0,1621627944031257782
0.00120394,-6.49961e-05,-8.8958e-05,2.15976e-06,-0.000689005,0.000100371,-0.00645459,0.0237014,3.13964,0.00782227,1,0,-1,366990,4.42991e+06,224.312,-0.00183579,0.0114738,0.0328862,-0.00174079,0.043671,-0.00118063,4.64452e-06,-0.000688343,0.000104846,0.237284,-20,0.0996835,0,1621627944041173866
0.00127058,-5.12931e-05,0.000324981,-1.93508e-05,-3.77567e-05,8.10052e-05,-0.0064548,0.0236981,3.13964,0.00782227,1,0,-1,366990,4.42991e+06,224.312,-0.00122551,0.00138692,0.0218257,-0.00113777,0.0365567,-0.00111298,-1.7425e-05,-3.7233e-05,8.12701e-05,0.237355,-20,0.0997407,0,1621627944051199705
0.00120607,-4.30783e-05,0.000566749,-2.98814e-05,0.000448006,6.51077e-05,-0.00645519,0.0237031,3.13964,0.00782909,1,0,-1,366990,4.42991e+06,224.312,-0.000840781,-0.00605885,0.0143315,-0.000652875,0.0308567,-0.0010116,-2.84065e-05,0.000448417,6.22318e-05,0.23749,-20,0.0997917,0,1621627944061190457
0.00120607,-4.30783e-05,0.000566749,-2.98814e-05,0.000448006,6.51077e-05,-0.00645519,0.0237031,3.13964,0.00783088,-1,0,-1,366990,4.42991e+06,224.312,-0.000840781,-0.00605885,0.0143315,-0.000652875,0.0308567,-0.0010116,-2.84065e-05,0.000448417,6.22318e-05,0.23749,-20,0.0997917,0,1621627944071217452
0.00120607,-4.30783e-05,0.000566749,-2.98814e-05,0.000448006,6.51077e-05,-0.00645519,0.0237031,3.13964,0.00783088,-1,0,-1,366990,4.42991e+06,224.312,-0.000840781,-0.00605885,0.0143315,-0.000652875,0.0308567,-0.0010116,-2.84065e-05,0.000448417,6.22318e-05,0.23749,-20,0.0997917,0,1621627944081224526
0.00120607,-4.30783e-05,0.000566749,-2.98814e-05,0.000448006,6.51077e-05,-0.00645519,0.0237031,3.13964,0.00783088,-1,0,-1,366990,4.42991e+06,224.312,-0.000840781,-0.00605885,0.0143315,-0.000652875,0.0308567,-0.0010116,-2.84065e-05,0.000448417,6.22318e-05,0.23749,-20,0.0997917,0,1621627944091244735
0.00120403,-3.21627e-05,-0.000864987,8.21128e-05,-0.00157905,8.14608e-05,-0.00645218,0.0236515,3.13965,0.00783088,-1,0,-1,366990,4.42991e+06,224.312,-0.000239696,0.00777668,-0.0207153,0.00156036,-0.0389288,0.000247273,8.42808e-05,-0.00157849,9.1673e-05,0.237364,14.764,0.0997827,0,1621627944101193894
0.0015141,-1.38757e-05,-0.00101758,8.77283e-05,-0.00205854,8.24995e-05,-0.00645073,0.0236198,3.13965,0.00783676,-1,0,-1,366990,4.42991e+06,224.312,-0.000881122,0.0201853,-0.0081914,0.000261214,-0.0281615,4.88049e-05,8.9991e-05,-0.00205797,9.58035e-05,0.237369,14.7457,0.0997648,0,1621627944111179521
0.00171669,4.319e-06,-0.000546232,4.94261e-05,-0.00150746,6.68055e-05,-0.0064501,0.0236027,3.13965,0.0078567,1,0,-1,366990,4.42991e+06,224.312,-0.00258104,0.0171932,0.0431869,-0.00328686,0.0519587,-0.00149507,5.12327e-05,-0.00150699,7.65486e-05,0.237708,-20,0.0997863,0,1621627944121172283
0.00171669,4.319e-06,-0.000546232,4.94261e-05,-0.00150746,6.68055e-05,-0.0064501,0.0236027,3.13965,0.0078545,1,0,-1,366990,4.42991e+06,224.312,-0.00258104,0.0171932,0.0431869,-0.00328686,0.0519587,-0.00149507,5.12327e-05,-0.00150699,7.65486e-05,0.237708,-20,0.0997863,0,1621627944131172341
0.00186992,2.12773e-05,-6.46209e-05,1.63712e-05,-0.000864273,4.70326e-05,-0.00644976,0.0235889,3.13965,0.0078545,1,0,-1,366990,4.42991e+06,224.312,-0.00187353,0.00876401,0.0329746,-0.00218511,0.0460057,-0.00143185,1.76124e-05,-0.000863951,5.26206e-05,0.237751,-20,0.0998375,0,1621627944141176993
0.00190389,3.07773e-05,0.000233763,-2.49271e-06,-0.000391265,3.13448e-05,-0.00644973,0.0235832,3.13965,0.00785851,1,0,-1,366990,4.42991e+06,224.312,-0.00133641,0.00117872,0.0246696,-0.00155702,0.0406932,-0.00136147,-1.69385e-06,-0.000391055,3.38771e-05,0.237864,-20,0.0998882,0,1621627944151166546
0.00184564,4.03306e-05,0.000548625,-1.85172e-05,0.000204509,9.67983e-06,-0.00644996,0.0235842,3.13965,0.00786147,1,0,-1,366990,4.42991e+06,224.312,-0.000948379,-0.00579825,0.0178298,-0.000825311,0.0360367,-0.0013303,-1.832e-05,0.000204567,8.36289e-06,0.237948,-20,0.0999419,0,1621627944161166437
0.00184564,4.03306e-05,0.000548625,-1.85172e-05,0.000204509,9.67983e-06,-0.00644996,0.0235842,3.13965,0.00786223,-1,0,-1,366990,4.42991e+06,224.312,-0.000948379,-0.00579825,0.0178298,-0.000825311,0.0360367,-0.0013303,-1.832e-05,0.000204567,8.36289e-06,0.237948,-20,0.0999419,0,1621627944171207403
0.00184564,4.03306e-05,0.000548625,-1.85172e-05,0.000204509,9.67983e-06,-0.00644996,0.0235842,3.13965,0.00786223,-1,0,-1,366990,4.42991e+06,224.312,-0.000948379,-0.00579825,0.0178298,-0.000825311,0.0360367,-0.0013303,-1.832e-05,0.000204567,8.36289e-06,0.237948,-20,0.0999419,0,1621627944181237738
0.00184564,4.03306e-05,0.000548625,-1.85172e-05,0.000204509,9.67983e-06,-0.00644996,0.0235842,3.13965,0.00786223,-1,0,-1,366990,4.42991e+06,224.312,-0.000948379,-0.00579825,0.0178298,-0.000825311,0.0360367,-0.0013303,-1.832e-05,0.000204567,8.36289e-06,0.237948,-20,0.0999419,0,1621627944191258655
0.00174844,4.31253e-05,-0.000777093,9.79776e-05,-0.00163533,2.28183e-05,-0.0064462,0.0235289,3.13965,0.00786223,-1,0,-1,366990,4.42991e+06,224.312,-0.000159841,0.00491031,-0.0198971,0.00131265,-0.0357373,0.00018875,9.87627e-05,-0.00163515,3.33687e-05,0.237787,14.7461,0.0999467,0,1621627944201348323
0.00174844,4.31253e-05,-0.000777093,9.79776e-05,-0.00163533,2.28183e-05,-0.0064462,0.0235289,3.13965,0.00785695,-1,0,-1,366990,4.42991e+06,224.312,-0.000159841,0.00491031,-0.0198971,0.00131265,-0.0357373,0.00018875,9.87627e-05,-0.00163515,3.33687e-05,0.237787,14.7461,0.0999467,0,1621627944211185723
0.00194013,6.94791e-05,6.64051e-05,1.45276e-05,-0.000570525,-4.08562e-06,-0.00644553,0.0235109,3.13965,0.00785695,1,0,-1,366990,4.42991e+06,224.312,-0.00164596,0.00473693,0.0338734,-0.00302338,0.0464128,-0.00119362,1.4518e-05,-0.00057054,-4.08342e-07,0.237753,-20,0.0999745,0,1621627944221212480
0.00189164,7.31895e-05,0.000373011,-1.00632e-05,-5.57648e-05,-1.767e-05,-0.00644559,0.0235086,3.13965,0.00785796,1,0,-1,366990,4.42991e+06,224.312,-0.000733007,-0.0056258,0.0222907,-0.0016919,0.0392508,-0.00104833,-1.04703e-05,-5.58775e-05,-1.7315e-05,0.237868,-20,0.100031,0,1621627944231230813
0.00179589,7.33262e-05,0.000550887,-2.18114e-05,0.000299975,-2.7398e-05,-0.00644578,0.0235107,3.13965,0.00785721,1,0,-1,366990,4.42991e+06,224.312,-0.000389169,-0.0109729,0.0169767,-0.00111198,0.035431,-0.000971263,-2.25012e-05,0.000299793,-2.93391e-05,0.237893,-20,0.100065,0,1621627944241167537
0.00168038,7.21492e-05,0.000668546,-2.90732e-05,0.000575221,-3.48443e-05,-0.00644602,0.023515,3.13965,0.00785429,1,0,-1,366990,4.42991e+06,224.312,-0.000167149,-0.0146591,0.0131456,-0.000793521,0.032137,-0.00086491,-2.99799e-05,0.000574984,-3.85621e-05,0.237869,-20,0.100089,0,1621627944251226643
0.00141627,6.81954e-05,0.000820204,-4.37911e-05,0.0010097,-4.64067e-05,-0.00644663,0.0235286,3.13965,0.00785013,1,0,-1,366990,4.42991e+06,224.312,7.4877e-05,-0.0189975,0.00853541,-0.00117869,0.0273654,-0.000722425,-4.50364e-05,0.00100937,-5.29295e-05,0.237827,-20,0.100117,0,1621627944261175983
0.00141627,6.81954e-05,0.000820204,-4.37911e-05,0.0010097,-4.64067e-05,-0.00644663,0.0235286,3.13965,0.00783995,-1,0,-1,366990,4.42991e+06,224.312,7.4877e-05,-0.0189975,0.00853541,-0.00117869,0.0273654,-0.000722425,-4.50364e-05,0.00100937,-5.29295e-05,0.237827,-20,0.100117,0,1621627944271237816
0.00112046,5.14923e-05,0.000105507,1.37637e-05,0.000160239,-3.41966e-05,-0.00644669,0.0235348,3.13965,0.00783995,-1,0,-1,366990,4.42991e+06,224.312,0.00161443,-0.0134546,-0.03703,0.00372377,-0.04648,0.00061198,1.29345e-05,0.000160015,-3.52386e-05,0.237639,14.7966,0.100113,0,1621627944281197578
0.00112046,5.14923e-05,0.000105507,1.37637e-05,0.000160239,-3.41966e-05,-0.00644669,0.0235348,3.13965,0.00780755,-1,0,-1,366990,4.42991e+06,224.312,0.00161443,-0.0134546,-0.03703,0.00372377,-0.04648,0.00061198,1.29345e-05,0.000160015,-3.52386e-05,0.237639,14.7966,0.100113,0,1621627944291201459
0.00101379,4.66453e-05,-0.000426514,5.95569e-05,-0.000627807,-2.23009e-05,-0.00644573,0.0235264,3.13965,0.00780755,-1,0,-1,366990,4.42991e+06,224.312,0.000652465,-0.00273953,-0.0246348,0.00190325,-0.03906,0.000594707,5.91274e-05,-0.000627938,-1.82589e-05,0.237025,14.7434,0.10008,0,1621627944301206420
0.00101379,4.66453e-05,-0.000426514,5.95569e-05,-0.000627807,-2.23009e-05,-0.00644573,0.0235264,3.13965,0.00780476,-1,0,-1,366990,4.42991e+06,224.312,0.000652465,-0.00273953,-0.0246348,0.00190325,-0.03906,0.000594707,5.91274e-05,-0.000627938,-1.82589e-05,0.237025,14.7434,0.10008,0,1621627944311199612
0.000984373,5.90426e-05,0.000148265,1.29601e-05,0.00015465,-3.77978e-05,-0.0064453,0.0235258,3.13965,0.00780476,1,0,-1,366990,4.42991e+06,224.312,-0.00111449,-0.0043021,0.026865,-0.00222321,0.03915,-0.000780594,1.20473e-05,0.000154403,-3.88045e-05,0.236999,-20,0.100087,0,1621627944321174139
0.000861722,6.00126e-05,0.000396823,-7.09288e-06,0.000581648,-4.58347e-05,-0.00644534,0.0235316,3.13965,0.00779767,1,0,-1,366990,4.42991e+06,224.312,-0.000461301,-0.0113799,0.0185843,-0.00149249,0.0335207,-0.000615234,-8.25986e-06,0.00058134,-4.95964e-05,0.236961,-20,0.10012,0,1621627944331196076
0.000861722,6.00126e-05,0.000396823,-7.09288e-06,0.000581648,-4.58347e-05,-0.00644534,0.0235316,3.13965,0.00779476,1,0,-1,366990,4.42991e+06,224.312,-0.000461301,-0.0113799,0.0185843,-0.00149249,0.0335207,-0.000615234,-8.25986e-06,0.00058134,-4.95964e-05,0.236961,-20,0.10012,0,1621627944341173004
0.000607636,5.45753e-05,0.000614362,-4.5683e-05,0.00104359,-5.18041e-05,-0.00644596,0.0235471,3.13965,0.00779476,1,0,-1,366990,4.42991e+06,224.312,0.000160729,-0.0168683,0.0111664,-0.00234414,0.0261155,-0.000299459,-4.70614e-05,0.00104324,-5.85462e-05,0.236978,-20,0.100141,0,1621627944351162564
0.00029535,3.77259e-05,0.000859714,-0.000158412,0.00142538,-5.49726e-05,-0.0064481,0.0235681,3.13965,0.00779012,1,0,-1,366990,4.42991e+06,224.312,0.00107069,-0.0207409,0.0137649,-0.00604131,0.0234564,-0.000190529,-0.000159924,0.001425,-6.41803e-05,0.237088,-20,0.100153,0,1621627944361197250
0.00029535,3.77259e-05,0.000859714,-0.000158412,0.00142538,-5.49726e-05,-0.0064481,0.0235681,3.13965,0.00779549,-1,0,-1,366990,4.42991e+06,224.312,0.00107069,-0.0207409,0.0137649,-0.00604131,0.0234564,-0.000190529,-0.000159924,0.001425,-6.41803e-05,0.237088,-20,0.100153,0,1621627944371169930
-1.63457e-05,-7.70784e-06,0.000215598,-0.000159903,0.000532649,-3.35201e-05,-0.00645088,0.0235809,3.13965,0.00779549,-1,0,-1,366990,4.42991e+06,224.312,0.00336988,-0.0145745,-0.0342221,0.000177908,-0.0497152,0.00118767,-0.000160774,0.000532422,-3.69657e-05,0.237276,14.7867,0.100125,0,1621627944381195628
-1.63457e-05,-7.70784e-06,0.000215598,-0.000159903,0.000532649,-3.35201e-05,-0.00645088,0.0235809,3.13965,0.00775479,-1,0,-1,366990,4.42991e+06,224.312,0.00336988,-0.0145745,-0.0342221,0.000177908,-0.0497152,0.00118767,-0.000160774,0.000532422,-3.69657e-05,0.237276,14.7867,0.100125,0,1621627944391197425
-0.000119705,-4.53414e-05,-0.000204946,-0.000152427,-0.000166443,-1.61958e-05,-0.00645331,0.023581,3.13965,0.00775479,-1,0,-1,366990,4.42991e+06,224.312,0.00286267,-0.00417814,-0.025251,-0.00016146,-0.0433677,0.00113213,-0.000152784,-0.000166544,-1.51256e-05,0.236644,14.7531,0.100072,0,1621627944401218961
-0.000119705,-4.53414e-05,-0.000204946,-0.000152427,-0.000166443,-1.61958e-05,-0.00645331,0.023581,3.13965,0.00775931,-1,0,-1,366990,4.42991e+06,224.312,0.00286267,-0.00417814,-0.025251,-0.00016146,-0.0433677,0.00113213,-0.000152784,-0.000166544,-1.51256e-05,0.236644,14.7531,0.100072,0,1621627944411212127
-0.000119705,-4.53414e-05,-0.000204946,-0.000152427,-0.000166443,-1.61958e-05,-0.00645331,0.023581,3.13965,0.00775931,1,0,-1,366990,4.42991e+06,224.312,0.00286267,-0.00417814,-0.025251,-0.00016146,-0.0433677,0.00113213,-0.000152784,-0.000166544,-1.51256e-05,0.236644,14.7531,0.100072,0,1621627944421213881
-0.000345667,-0.000126571,0.00086254,-0.000239217,0.00128686,-3.39375e-05,-0.00646361,0.0236207,3.13964,0.00775931,1,0,-1,366990,4.42991e+06,224.312,0.00191237,-0.0100629,0.0195338,0.000413165,0.0326145,-0.000460533,-0.000240215,0.00128661,-4.22663e-05,0.236918,-20,0.100069,0,1621627944431184734
-0.000632944,-0.000156675,0.000984321,-0.000232647,0.00166145,-3.83925e-05,-0.00646722,0.0236448,3.13964,0.00781587,1,0,-1,366990,4.42991e+06,224.312,0.00170087,-0.0195977,0.00691859,0.000504572,0.0235267,-0.000275229,-0.00023381,0.00166116,-4.91503e-05,0.237742,-20,0.100104,0,1621627944441239776
-0.00085209,-0.000174335,0.00103406,-0.000227088,0.00187772,-4.08859e-05,-0.00646957,0.0236635,3.13964,0.00783563,1,0,-1,366990,4.42991e+06,224.312,0.00154322,-0.0218744,0.00428662,0.000572432,0.0206417,-0.000233777,-0.000228343,0.00187741,-5.30479e-05,0.238025,-20,0.100114,0,1621627944451213877
-0.00107272,-0.000189308,0.00106737,-0.00022005,0.00206523,-4.30451e-05,-0.00647173,0.023683,3.13964,0.00784927,1,0,-1,366990,4.42991e+06,224.312,0.00138785,-0.0231389,0.00311171,0.000829726,0.019155,-0.000223597,-0.000221386,0.00206491,-5.64256e-05,0.238217,-20,0.10012,0,1621627944461187472
-0.00107272,-0.000189308,0.00106737,-0.00022005,0.00206523,-4.30451e-05,-0.00647173,0.023683,3.13964,0.0078629,-1,0,-1,366990,4.42991e+06,224.312,0.00138785,-0.0231389,0.00311171,0.000829726,0.019155,-0.000223597,-0.000221386,0.00206491,-5.64256e-05,0.238217,-20,0.10012,0,1621627944471227150
-0.00140782,-0.000222229,0.000259449,-0.000150785,0.00105329,-2.08577e-05,-0.00647466,0.0237057,3.13964,0.0078629,-1,0,-1,366990,4.42991e+06,224.312,0.00255511,-0.0150094,-0.0420275,0.00361759,-0.0555754,0.00122489,-0.000151441,0.00105314,-2.76847e-05,0.238332,14.753,0.10009,0,1621627944481226656
-0.00140782,-0.000222229,0.000259449,-0.000150785,0.00105329,-2.08577e-05,-0.00647466,0.0237057,3.13964,0.00786157,-1,0,-1,366990,4.42991e+06,224.312,0.00255511,-0.0150094,-0.0420275,0.00361759,-0.0555754,0.00122489,-0.000151441,0.00105314,-2.76847e-05,0.238332,14.753,0.10009,0,1621627944491203865
-0.001504,-0.00024017,-0.000397711,-9.28813e-05,1.21144e-05,1.57301e-06,-0.00647692,0.0237112,3.13964,0.00786157,-1,0,-1,366990,4.42991e+06,224.312,0.00123162,-0.000504013,-0.0270009,0.0024135,-0.046342,0.000997344,-9.28459e-05,1.21243e-05,1.49494e-06,0.238176,14.7435,0.100026,0,1621627944501189442
-0.001504,-0.00024017,-0.000397711,-9.28813e-05,1.21144e-05,1.57301e-06,-0.00647692,0.0237112,3.13964,0.00787224,-1,0,-1,366990,4.42991e+06,224.312,0.00123162,-0.000504013,-0.0270009,0.0024135,-0.046342,0.000997344,-9.28459e-05,1.21243e-05,1.49494e-06,0.238176,14.7435,0.100026,0,1621627944511168947
-0.00141114,-0.000237211,-0.000315391,-0.000112875,-3.12443e-05,4.42724e-06,-0.00647828,0.023709,3.13964,0.00787224,1,0,-1,366990,4.42991e+06,224.312,-0.0014441,0.00772216,0.0337448,-0.00418663,0.036755,-0.000568405,-0.000112765,-3.1215e-05,4.63086e-06,0.238263,-20,0.0999761,0,1621627944521174837
-0.00135664,-0.00023378,8.6895e-05,-0.000139684,0.000465301,-4.13211e-06,-0.00648019,0.0237139,3.13964,0.00786696,1,0,-1,366990,4.42991e+06,224.312,-0.000779413,0.00227074,0.0267812,-0.00124271,0.0345978,-0.000619108,-0.000139853,0.000465264,-7.14925e-06,0.238283,-20,0.0999993,0,1621627944531225828
-0.00135664,-0.00023378,8.6895e-05,-0.000139684,0.000465301,-4.13211e-06,-0.00648019,0.0237139,3.13964,0.0078638,1,0,-1,366990,4.42991e+06,224.312,-0.000779413,0.00227074,0.0267812,-0.00124271,0.0345978,-0.000619108,-0.000139853,0.000465264,-7.14925e-06,0.238283,-20,0.0999993,0,1621627944541172934
-0.00138897,-0.000233513,0.000456373,-0.000147609,0.00101437,-1.3791e-05,-0.00648276,0.0237293,3.13964,0.0078638,1,0,-1,366990,4.42991e+06,224.312,-0.00044537,-0.00364498,0.019146,-0.000209706,0.0302808,-0.000530079,-0.000148092,0.00101426,-2.03723e-05,0.238268,-20,0.100026,0,1621627944551163731
-0.00150458,-0.000233839,0.000680058,-0.000145342,0.00143321,-2.09446e-05,-0.00648504,0.02375,3.13964,0.00787331,1,0,-1,366990,4.42991e+06,224.312,-0.000313989,-0.00870525,0.0130377,0.000230927,0.0260093,-0.000440334,-0.00014606,0.00143305,-3.0247e-05,0.238413,-20,0.10005,0,1621627944561201314
-0.00150458,-0.000233839,0.000680058,-0.000145342,0.00143321,-2.09446e-05,-0.00648504,0.02375,3.13964,0.00788792,-1,0,-1,366990,4.42991e+06,224.312,-0.000313989,-0.00870525,0.0130377,0.000230927,0.0260093,-0.000440334,-0.00014606,0.00143305,-3.0247e-05,0.238413,-20,0.10005,0,1621627944571171607
-0.00161612,-0.000243473,-1.71565e-05,-8.37303e-05,0.000486742,-1.77964e-07,-0.00648677,0.0237626,3.13964,0.00788792,-1,0,-1,366990,4.42991e+06,224.312,0.00114405,-0.00268547,-0.0355517,0.00313092,-0.0511961,0.0011219,-8.38096e-05,0.000486731,-3.33627e-06,0.238556,14.7453,0.100029,0,1621627944581169371
-0.00161612,-0.000243473,-1.71565e-05,-8.37303e-05,0.000486742,-1.77964e-07,-0.00648677,0.0237626,3.13964,0.0078879,-1,0,-1,366990,4.42991e+06,224.312,0.00114405,-0.00268547,-0.0355517,0.00313092,-0.0511961,0.0011219,-8.38096e-05,0.000486731,-3.33627e-06,0.238556,14.7453,0.100029,0,1621627944591199554
-0.0015199,-0.000239527,-0.000469019,-4.2207e-05,-0.000281359,1.64331e-05,-0.00648763,0.023761,3.13964,0.0078879,-1,0,-1,366990,4.42991e+06,224.312,0.000215083,0.00837596,-0.0245063,0.00219652,-0.0442842,0.000962926,-4.1773e-05,-0.000281247,1.82633e-05,0.238448,14.7428,0.099976,0,1621627944601225451
-0.00129263,-0.000229041,-0.000779308,-3.04523e-05,-0.000932591,3.14147e-05,-0.00648813,0.0237486,3.13964,0.00788728,-1,0,-1,366990,4.42991e+06,224.312,-0.000251503,0.0161124,-0.0177085,0.000341062,-0.039527,0.000927674,-2.95624e-05,-0.000932367,3.74753e-05,0.23838,14.7633,0.0999313,0,1621627944611183098
-0.00129263,-0.000229041,-0.000779308,-3.04523e-05,-0.000932591,3.14147e-05,-0.00648813,0.0237486,3.13964,0.00788268,1,0,-1,366990,4.42991e+06,224.312,-0.000251503,0.0161124,-0.0177085,0.000341062,-0.039527,0.000927674,-2.95624e-05,-0.000932367,3.74753e-05,0.23838,14.7633,0.0999313,0,1621627944621235478
-0.00102774,-0.000208814,-0.000196984,-0.00010547,-0.000281602,2.06069e-05,-0.00648962,0.0237413,3.13964,0.00788268,1,0,-1,366990,4.42991e+06,224.312,-0.00166165,0.0134282,0.0320847,-0.00365896,0.037666,-0.000625444,-0.000104938,-0.000281462,2.24403e-05,0.2384,-20,0.0999261,0,1621627944631231632
-0.00102774,-0.000208814,-0.000196984,-0.00010547,-0.000281602,2.06069e-05,-0.00648962,0.0237413,3.13964,0.00785529,1,0,-1,366990,4.42991e+06,224.312,-0.00166165,0.0134282,0.0320847,-0.00365896,0.037666,-0.000625444,-0.000104938,-0.000281462,2.24403e-05,0.2384,-20,0.0999261,0,1621627944641172146
-0.000886622,-0.000199407,0.000250374,-0.000113836,0.00036478,7.67387e-06,-0.00649162,0.0237449,3.13964,0.00785529,1,0,-1,366990,4.42991e+06,224.312,-0.00103883,0.00591328,0.0239355,0.000260585,0.0364617,-0.000770043,-0.00011371,0.000364822,5.30721e-06,0.238077,-20,0.0999587,0,1621627944651200666
-0.000882778,-0.000191113,0.00054188,-0.000103137,0.00088379,-3.41551e-06,-0.00649329,0.0237569,3.13964,0.0078498,1,0,-1,366990,4.42991e+06,224.312,-0.000953943,-0.00157087,0.0169936,0.000720494,0.0319025,-0.000685334,-0.000103355,0.000883749,-9.15669e-06,0.237979,-20,0.0999943,0,1621627944661198738
-0.000882778,-0.000191113,0.00054188,-0.000103137,0.00088379,-3.41551e-06,-0.00649329,0.0237569,3.13964,0.00785882,-1,0,-1,366990,4.42991e+06,224.312,-0.000953943,-0.00157087,0.0169936,0.000720494,0.0319025,-0.000685334,-0.000103355,0.000883749,-9.15669e-06,0.237979,-20,0.0999943,0,1621627944671170470
-0.000894385,-0.000190316,-0.000138392,-2.91274e-05,-2.7183e-05,1.48796e-05,-0.00649414,0.0237604,3.13964,0.00785882,-1,0,-1,366990,4.42991e+06,224.312,0.000504244,0.00265034,-0.0332218,0.00380755,-0.047675,0.000955423,-2.87696e-05,-2.70858e-05,1.50601e-05,0.238019,14.7471,0.0999825,0,1621627944681237615
-0.000894385,-0.000190316,-0.000138392,-2.91274e-05,-2.7183e-05,1.48796e-05,-0.00649414,0.0237604,3.13964,0.00785169,-1,0,-1,366990,4.42991e+06,224.312,0.000504244,0.00265034,-0.0332218,0.00380755,-0.047675,0.000955423,-2.87696e-05,-2.70858e-05,1.50601e-05,0.238019,14.7471,0.0999825,0,1621627944691208597
-0.00071355,-0.000174493,-0.000669718,6.66737e-05,-0.000813433,3.07443e-05,-0.00649353,0.0237491,3.13964,0.00785169,-1,0,-1,366990,4.42991e+06,224.312,-0.00024715,0.0121394,-0.0312739,0.00742332,-0.0425926,0.000892118,6.75294e-05,-0.000813216,3.60358e-05,0.237777,14.7436,0.0999352,0,1621627944701169223
-0.00071355,-0.000174493,-0.000669718,6.66737e-05,-0.000813433,3.07443e-05,-0.00649353,0.0237491,3.13964,0.00785535,-1,0,-1,366990,4.42991e+06,224.312,-0.00024715,0.0121394,-0.0312739,0.00742332,-0.0425926,0.000892118,6.75294e-05,-0.000813216,3.60358e-05,0.237777,14.7436,0.0999352,0,1621627944711176928
-0.000477584,-0.000126977,-0.000177017,6.14354e-05,-0.000113257,1.7277e-05,-0.00649234,0.0237438,3.13964,0.00785535,1,0,-1,366990,4.42991e+06,224.312,-0.00295222,0.0096812,0.0235928,-0.000188956,0.0350851,-0.000677923,6.18631e-05,-0.000113142,1.8017e-05,0.237695,-20,0.099932,0,1621627944721180543
-0.000423058,-9.85767e-05,7.46339e-05,8.30298e-05,0.000301014,6.8204e-06,-0.00649143,0.0237461,3.13964,0.00782413,1,0,-1,366990,4.42991e+06,224.312,-0.00292479,0.00326013,0.0206336,0.00211685,0.0349056,-0.000890051,8.31454e-05,0.000301052,4.86763e-06,0.237211,-20,0.0999655,0,1621627944731200890
-0.000423058,-9.85767e-05,7.46339e-05,8.30298e-05,0.000301014,6.8204e-06,-0.00649143,0.0237461,3.13964,0.0078177,1,0,-1,366990,4.42991e+06,224.312,-0.00292479,0.00326013,0.0206336,0.00211685,0.0349056,-0.000890051,8.31454e-05,0.000301052,4.86763e-06,0.237211,-20,0.0999655,0,1621627944741176627
-0.000443383,-5.39758e-05,0.000352619,0.000106677,0.000825857,-7.44639e-06,-0.00648966,0.0237582,3.13964,0.0078177,1,0,-1,366990,4.42991e+06,224.312,-0.00295552,-0.00321004,0.0139112,0.000733381,0.0282356,-0.000747695,0.000106373,0.000825791,-1.28093e-05,0.237052,-20,0.100003,0,1621627944751162774
-0.000550753,-1.52195e-05,0.00051186,0.000114076,0.00119516,-1.83592e-05,-0.00648799,0.0237747,3.13964,0.00782372,1,0,-1,366990,4.42991e+06,224.312,-0.00280351,-0.00835644,0.00963934,0.0004302,0.0237121,-0.000703726,0.000113456,0.00119502,-2.61203e-05,0.237119,-20,0.100038,0,1621627944761193227
-0.000550753,-1.52195e-05,0.00051186,0.000114076,0.00119516,-1.83592e-05,-0.00648799,0.0237747,3.13964,0.00783333,-1,0,-1,366990,4.42991e+06,224.312,-0.00280351,-0.00835644,0.00963934,0.0004302,0.0237121,-0.000703726,0.000113456,0.00119502,-2.61203e-05,0.237119,-20,0.100038,0,1621627944771236227
-0.000550753,-1.52195e-05,0.00051186,0.000114076,0.00119516,-1.83592e-05,-0.00648799,0.0237747,3.13964,0.00783333,-1,0,-1,366990,4.42991e+06,224.312,-0.00280351,-0.00835644,0.00963934,0.0004302,0.0237121,-0.000703726,0.000113456,0.00119502,-2.61203e-05,0.237119,-20,0.100038,0,1621627944781261383
-0.000725094,1.86156e-05,-0.000344711,0.000197062,0.000115873,-3.17886e-06,-0.00648428,0.0237769,3.13964,0.00783333,-1,0,-1,366990,4.42991e+06,224.312,-0.000734021,-0.00896818,-0.0456176,0.00441084,-0.0461467,0.000498042,0.000196969,0.00011585,-3.93125e-06,0.23708,14.7531,0.100009,0,1621627944791246838
-0.000619811,6.85531e-05,-0.000825384,0.000237473,-0.00075233,6.19131e-06,-0.00647981,0.0237628,3.13964,0.00783213,-1,0,-1,366990,4.42991e+06,224.312,-0.00203763,0.00576646,-0.025568,0.00214791,-0.0461467,0.000498042,0.000237736,-0.000752274,1.10692e-05,0.23708,14.7531,0.100009,0,1621627944801228091
-0.000273712,0.000120954,-0.00110332,0.000224829,-0.00150296,1.55869e-05,-0.00647538,0.023737,3.13964,0.00784145,-1,0,-1,366990,4.42991e+06,224.312,-0.00224803,0.0200164,-0.0122042,-0.00056787,-0.036746,0.000451338,0.00022543,-0.00150282,2.53258e-05,0.237131,14.8027,0.0999679,0,1621627944811250267
-0.000273712,0.000120954,-0.00110332,0.000224829,-0.00150296,1.55869e-05,-0.00647538,0.023737,3.13964,0.00784303,1,0,-1,366990,4.42991e+06,224.312,-0.00224803,0.0200164,-0.0122042,-0.00056787,-0.036746,0.000451338,0.00022543,-0.00150282,2.53258e-05,0.237131,14.8027,0.0999679,0,1621627944821212822
5.2541e-05,0.000166894,-0.00040548,0.00015858,-0.000749484,-4.03745e-06,-0.00647262,0.0237219,3.13964,0.00784303,1,0,-1,366990,4.42991e+06,224.312,-0.00345682,0.0173166,0.040466,-0.00296408,0.0459888,-0.00123426,0.000158599,-0.000749494,8.13949e-07,0.237256,-20,0.099983,0,1621627944831228284
0.00017498,0.000190128,-2.95902e-05,0.000140488,-0.000261695,-1.77313e-05,-0.00647096,0.0237175,3.13964,0.00779518,1,0,-1,366990,4.42991e+06,224.312,-0.00262348,0.0087234,0.0304731,-0.00155529,0.0409289,-0.00115674,0.000140108,-0.000261804,-1.60421e-05,0.236609,-20,0.100032,0,1621627944841217468
0.000215643,0.000206009,0.000206397,0.000119883,8.83438e-05,-2.71124e-05,-0.00646971,0.0237176,3.13964,0.00778166,1,0,-1,366990,4.42991e+06,224.312,-0.00198831,0.00242124,0.0212169,-0.00274258,0.0326565,-0.000828295,0.000119226,8.81666e-05,-2.76911e-05,0.23644,-20,0.100066,0,1621627944851190383
0.000201065,0.000221416,0.000446762,8.79201e-05,0.00049767,-3.79036e-05,-0.00646843,0.023723,3.13964,0.00778667,1,0,-1,366990,4.42991e+06,224.312,-0.0013985,-0.00257708,0.0164489,-0.00222883,0.0294262,-0.000786614,8.69444e-05,0.000497415,-4.11335e-05,0.236581,-20,0.100093,0,1621627944861262240
0.000201065,0.000221416,0.000446762,8.79201e-05,0.00049767,-3.79036e-05,-0.00646843,0.023723,3.13964,0.00779625,-1,0,-1,366990,4.42991e+06,224.312,-0.0013985,-0.00257708,0.0164489,-0.00222883,0.0294262,-0.000786614,8.69444e-05,0.000497415,-4.11335e-05,0.236581,-20,0.100093,0,1621627944871196509
0.000176603,0.000223704,-0.000192863,0.000131072,-0.000371037,-2.52308e-05,-0.0064663,0.0237201,3.13964,0.00779625,-1,0,-1,366990,4.42991e+06,224.312,0.000538869,0.00168611,-0.0328783,0.00228913,-0.047334,0.00069593,0.00013053,-0.000371193,-2.28375e-05,0.236707,14.7979,0.10009,0,1621627944881174709
0.000176603,0.000223704,-0.000192863,0.000131072,-0.000371037,-2.52308e-05,-0.0064663,0.0237201,3.13964,0.00778141,-1,0,-1,366990,4.42991e+06,224.312,0.000538869,0.00168611,-0.0328783,0.00228913,-0.047334,0.00069593,0.00013053,-0.000371193,-2.28375e-05,0.236707,14.7979,0.10009,0,1621627944891239611
0.000367608,0.00023624,-0.000658375,0.000173575,-0.00118773,-1.53607e-05,-0.00646285,0.0236996,3.13964,0.00778141,-1,0,-1,366990,4.42991e+06,224.312,-0.000231171,0.011637,-0.0200525,0.00137785,-0.0379681,0.00048108,0.000173393,-0.00118781,-7.68646e-06,0.236382,14.7449,0.100058,0,1621627944901210151
0.000584252,0.000246593,-0.000844543,0.000184496,-0.00161517,-9.63439e-06,-0.00646051,0.0236802,3.13964,0.00780559,-1,0,-1,366990,4.42991e+06,224.312,-0.000467461,0.0180576,-0.0132846,0.000729377,-0.032318,0.000433698,0.000184515,-0.0016152,8.0081e-07,0.236701,14.7423,0.100036,0,1621627944911170974
0.000584252,0.000246593,-0.000844543,0.000184496,-0.00161517,-9.63439e-06,-0.00646051,0.0236802,3.13964,0.00781967,1,0,-1,366990,4.42991e+06,224.312,-0.000467461,0.0180576,-0.0132846,0.000729377,-0.032318,0.000433698,0.000184515,-0.0016152,8.0081e-07,0.236701,14.7423,0.100036,0,1621627944921198394
0.000849241,0.000268318,-0.000199411,0.000132085,-0.000826274,-2.672e-05,-0.00645819,0.0236636,3.13964,0.00781967,1,0,-1,366990,4.42991e+06,224.312,-0.00195369,0.0132547,0.03664,-0.00273255,0.0470691,-0.0010301,0.000131579,-0.000826429,-2.13892e-05,0.236966,-20,0.100053,0,1621627944931191246
0.000849241,0.000268318,-0.000199411,0.000132085,-0.000826274,-2.672e-05,-0.00645819,0.0236636,3.13964,0.00780778,1,0,-1,366990,4.42991e+06,224.312,-0.00195369,0.0132547,0.03664,-0.00273255,0.0470691,-0.0010301,0.000131579,-0.000826429,-2.13892e-05,0.236966,-20,0.100053,0,1621627944941176845
0.000945054,0.000277973,0.00027774,8.87281e-05,-9.86353e-05,-4.16901e-05,-0.00645644,0.0236588,3.13964,0.00780778,1,0,-1,366990,4.42991e+06,224.312,-0.000923958,0.00259732,0.0237271,-0.00230257,0.0388989,-0.000809339,8.77566e-05,-9.89025e-05,-4.10639e-05,0.236884,-20,0.100099,0,1621627944951198241
0.000889511,0.000277131,0.000536841,5.91733e-05,0.000418425,-5.17375e-05,-0.00645543,0.0236633,3.13964,0.00781271,1,0,-1,366990,4.42991e+06,224.312,-0.000183068,-0.00553545,0.0147014,-0.00197895,0.0315972,-0.000585203,5.78849e-05,0.000418083,-5.44527e-05,0.237032,-20,0.100135,0,1621627944961200346
0.000889511,0.000277131,0.000536841,5.91733e-05,0.000418425,-5.17375e-05,-0.00645543,0.0236633,3.13964,0.00781479,-1,0,-1,366990,4.42991e+06,224.312,-0.000183068,-0.00553545,0.0147014,-0.00197895,0.0315972,-0.000585203,5.78849e-05,0.000418083,-5.44527e-05,0.237032,-20,0.100135,0,1621627944971226362
0.000889511,0.000277131,0.000536841,5.91733e-05,0.000418425,-5.17375e-05,-0.00645543,0.0236633,3.13964,0.00781479,-1,0,-1,366990,4.42991e+06,224.312,-0.000183068,-0.00553545,0.0147014,-0.00197895,0.0315972,-0.000585203,5.78849e-05,0.000418083,-5.44527e-05,0.237032,-20,0.100135,0,1621627944981247546
0.000889511,0.000277131,0.000536841,5.91733e-05,0.000418425,-5.17375e-05,-0.00645543,0.0236633,3.13964,0.00781479,-1,0,-1,366990,4.42991e+06,224.312,-0.000183068,-0.00553545,0.0147014,0.00269369,-0.0498566,0.000980705,5.78849e-05,0.000418083,-5.44527e-05,0.237096,14.7536,0.100148,0,1621627944991246378
0.000870785,0.000248793,-0.000722373,0.000155266,-0.00129372,-1.96441e-05,-0.00645035,0.0236283,3.13964,0.00781479,-1,0,-1,366990,4.42991e+06,224.312,0.000942163,0.00623523,-0.0235356,0.00232382,-0.0395432,0.000695056,0.000154999,-0.00129382,-1.1302e-05,0.236986,14.7868,0.100094,0,1621627945001215163
0.000870785,0.000248793,-0.000722373,0.000155266,-0.00129372,-1.96441e-05,-0.00645035,0.0236283,3.13964,0.00781397,-1,0,-1,366990,4.42991e+06,224.312,0.000942163,0.00623523,-0.0235356,0.00232382,-0.0395432,0.000695056,0.000154999,-0.00129382,-1.1302e-05,0.236986,14.7868,0.100094,0,1621627945011215704
0.00122972,0.000251641,-0.000989551,0.000160848,-0.00196883,-6.26625e-06,-0.00644692,0.0235895,3.13964,0.00781397,1,0,-1,366990,4.42991e+06,224.312,0.000145077,0.0186,-0.0105247,9.78292e-05,-0.0297722,0.000598545,0.000161,-0.00196883,6.42845e-06,0.236869,14.74,0.100036,0,1621627945021203965
0.00145914,0.000259844,-0.000431717,0.000102906,-0.00130258,-1.79485e-05,-0.00644545,0.023571,3.13964,0.00783778,1,0,-1,366990,4.42991e+06,224.312,-0.00139121,0.0154724,0.0415509,-0.00410202,0.0514298,-0.000913785,0.000102681,-0.00130266,-9.55514e-06,0.237292,-20,0.100035,0,1621627945031171437
0.00155234,0.000259599,-9.73798e-05,7.05288e-05,-0.000842733,-2.60451e-05,-0.00644469,0.0235616,3.13964,0.00783255,1,0,-1,366990,4.42991e+06,224.312,-0.000612217,0.00771234,0.0324843,-0.00313016,0.0459817,-0.000808533,7.0043e-05,-0.000842884,-2.06192e-05,0.237305,-20,0.100063,0,1621627945041203043
0.00158658,0.000255128,0.000180976,4.30865e-05,-0.000410694,-3.34651e-05,-0.0064442,0.0235564,3.13964,0.00783375,1,0,-1,366990,4.42991e+06,224.312,-7.39452e-05,0.00171801,0.0259383,-0.00257081,0.0416473,-0.000713237,4.23605e-05,-0.000410901,-3.08264e-05,0.237387,-20,0.100086,0,1621627945051189241
0.00154241,0.000242487,0.000511624,1.12355e-05,0.000186299,-4.35187e-05,-0.00644393,0.0235571,3.13964,0.00783571,1,0,-1,366990,4.42991e+06,224.312,0.000454474,-0.00500288,0.0193312,-0.00183675,0.0371259,-0.000622125,1.01819e-05,0.000186014,-4.47307e-05,0.237481,-20,0.100111,0,1621627945061167436
0.00154241,0.000242487,0.000511624,1.12355e-05,0.000186299,-4.35187e-05,-0.00644393,0.0235571,3.13964,0.00783703,-1,0,-1,366990,4.42991e+06,224.312,0.000454474,-0.00500288,0.0193312,-0.00183675,0.0371259,-0.000622125,1.01819e-05,0.000186014,-4.47307e-05,0.237481,-20,0.100111,0,1621627945071196309
0.0014611,0.000214299,-9.60347e-05,7.24812e-05,-0.00057249,-2.76827e-05,-0.0064429,0.0235503,3.13964,0.00783703,-1,0,-1,366990,4.42991e+06,224.312,0.00210845,-0.00206367,-0.031714,0.00288293,-0.041838,0.00087393,7.19161e-05,-0.000572657,-2.40003e-05,0.237455,14.7412,0.100101,0,1621627945081207839
0.0014611,0.000214299,-9.60347e-05,7.24812e-05,-0.00057249,-2.76827e-05,-0.0064429,0.0235503,3.13964,0.00782543,-1,0,-1,366990,4.42991e+06,224.312,0.00210845,-0.00206367,-0.031714,0.00288293,-0.041838,0.00087393,7.19161e-05,-0.000572657,-2.40003e-05,0.237455,14.7412,0.100101,0,1621627945091241828
0.0015423,0.000197111,-0.000538934,0.000104903,-0.00125737,-1.23868e-05,-0.00644104,0.0235296,3.13964,0.00782543,-1,0,-1,366990,4.42991e+06,224.312,0.00127683,0.00644993,-0.0209944,0.00128286,-0.0347923,0.000791032,0.000104803,-0.00125742,-4.289e-06,0.237184,14.7383,0.100057,0,1621627945101168069
0.0015423,0.000197111,-0.000538934,0.000104903,-0.00125737,-1.23868e-05,-0.00644104,0.0235296,3.13964,0.00783372,-1,0,-1,366990,4.42991e+06,224.312,0.00127683,0.00644993,-0.0209944,0.00128286,-0.0347923,0.000791032,0.000104803,-0.00125742,-4.289e-06,0.237184,14.7383,0.100057,0,1621627945111176537
0.00165287,0.000193605,0.000107105,2.61917e-05,-0.000361398,-2.44658e-05,-0.00644019,0.0235183,3.13964,0.00783372,1,0,-1,366990,4.42991e+06,224.312,-0.000217349,0.00220479,0.0288999,-0.00343837,0.0429691,-0.000572273,2.56709e-05,-0.000361548,-2.2144e-05,0.237378,-20,0.100054,0,1621627945121173056
0.00159721,0.000182152,0.00036038,-2.4808e-06,8.93217e-05,-3.00435e-05,-0.00644015,0.0235181,3.13964,0.0078341,1,0,-1,366990,4.42991e+06,224.312,0.000563819,-0.00625045,0.0199266,-0.00217725,0.0369562,-0.000460914,-3.20101e-06,8.91264e-05,-3.06266e-05,0.237489,-20,0.100078,0,1621627945131198540
0.00159721,0.000182152,0.00036038,-2.4808e-06,8.93217e-05,-3.00435e-05,-0.00644015,0.0235181,3.13964,0.00783278,1,0,-1,366990,4.42991e+06,224.312,0.000563819,-0.00625045,0.0199266,-0.00217725,0.0369562,-0.000460914,-3.20101e-06,8.91264e-05,-3.06266e-05,0.237489,-20,0.100078,0,1621627945141166064
0.00141822,0.000160409,0.000627362,-2.93371e-05,0.000656799,-3.60204e-05,-0.00644057,0.0235268,3.13964,0.00783278,1,0,-1,366990,4.42991e+06,224.312,0.00101078,-0.0124818,0.0141336,-0.00130534,0.0323596,-0.000327398,-3.02843e-05,0.000656554,-4.02609e-05,0.237531,-20,0.100095,0,1621627945151197923
0.00116174,0.000136936,0.000767822,-5.64031e-05,0.00106545,-3.82608e-05,-0.00644132,0.0235414,3.13964,0.00782767,1,0,-1,366990,4.42991e+06,224.312,0.00140197,-0.0184017,0.00764259,-0.00205444,0.0252428,-9.19878e-05,-5.74655e-05,0.00106518,-4.51354e-05,0.237502,-20,0.100108,0,1621627945161264266
0.00116174,0.000136936,0.000767822,-5.64031e-05,0.00106545,-3.82608e-05,-0.00644132,0.0235414,3.13964,0.00781842,-1,0,-1,366990,4.42991e+06,224.312,0.00140197,-0.0184017,0.00764259,-0.00205444,0.0252428,-9.19878e-05,-5.74655e-05,0.00106518,-4.51354e-05,0.237502,-20,0.100108,0,1621627945171268828
0.00116174,0.000136936,0.000767822,-5.64031e-05,0.00106545,-3.82608e-05,-0.00644132,0.0235414,3.13964,0.00781842,-1,0,-1,366990,4.42991e+06,224.312,0.00140197,-0.0184017,0.00764259,-0.00205444,0.0252428,-9.19878e-05,-5.74655e-05,0.00106518,-4.51354e-05,0.237502,-20,0.100108,0,1621627945181210926
0.00116174,0.000136936,0.000767822,-5.64031e-05,0.00106545,-3.82608e-05,-0.00644132,0.0235414,3.13964,0.00781842,-1,0,-1,366990,4.42991e+06,224.312,0.00140197,-0.0184017,0.00764259,-0.00205444,0.0252428,-9.19878e-05,-5.74655e-05,0.00106518,-4.51354e-05,0.237502,-20,0.100108,0,1621627945191293740
0.000722048,5.7077e-05,-0.000714879,7.43921e-05,-0.000943871,1.65197e-05,-0.0064394,0.0235208,3.13964,0.00781842,-1,0,-1,366990,4.42991e+06,224.312,0.00187896,-0.00211354,-0.0251561,0.00273156,-0.0429407,0.00116624,7.49237e-05,-0.000943745,2.26036e-05,0.237238,14.797,0.100021,0,1621627945201897194
0.000722048,5.7077e-05,-0.000714879,7.43921e-05,-0.000943871,1.65197e-05,-0.0064394,0.0235208,3.13964,0.0077919,-1,0,-1,366990,4.42991e+06,224.312,0.00187896,-0.00211354,-0.0251561,0.00273156,-0.0429407,0.00116624,7.49237e-05,-0.000943745,2.26036e-05,0.237238,14.797,0.100021,0,1621627945211191312
0.000967906,5.66437e-05,-0.000354798,2.50166e-05,-0.000756232,2.21815e-05,-0.00643817,0.023497,3.13964,0.0077919,1,0,-1,366990,4.42991e+06,224.312,-0.0014824,0.0121379,0.045436,-0.00504221,0.0511351,-0.000555858,2.56523e-05,-0.000756074,2.70572e-05,0.236703,-20,0.0999184,0,1621627945221173352
0.00100021,5.17723e-05,4.14686e-05,-1.34723e-05,-0.000219366,1.69855e-05,-0.00643822,0.0234928,3.13964,0.00779135,1,0,-1,366990,4.42991e+06,224.312,-0.0001998,0.000679372,0.0307228,-0.00298697,0.0432364,-0.000417276,-1.304e-05,-0.000219252,1.84026e-05,0.236861,-20,0.0999441,0,1621627945231196649
0.000965346,4.41801e-05,0.000283423,-3.82815e-05,0.00015863,1.36105e-05,-0.00643852,0.0234935,3.13964,0.0077895,1,0,-1,366990,4.42991e+06,224.312,0.000285995,-0.00501081,0.0241435,-0.00245083,0.038939,-0.000351487,-3.79857e-05,0.000158715,1.25923e-05,0.236899,-20,0.0999562,0,1621627945241193037
0.000896704,3.53034e-05,0.000458107,-5.57744e-05,0.000467189,1.12877e-05,-0.00643896,0.0234968,3.13964,0.00779017,1,0,-1,366990,4.42991e+06,224.312,0.000613623,-0.00915095,0.0194533,-0.0019643,0.0354784,-0.000255822,-5.55799e-05,0.000467252,8.28157e-06,0.236954,-20,0.0999645,0,1621627945251199674
0.000677457,1.29222e-05,0.000700768,-9.79658e-05,0.000984992,1.00977e-05,-0.00644045,0.0235115,3.13964,0.00779072,1,0,-1,366990,4.42991e+06,224.312,0.00111215,-0.0146436,0.0119962,-0.00250099,0.0283153,-1.09004e-05,-9.78775e-05,0.000985036,3.75477e-06,0.237024,-20,0.0999708,0,1621627945261196302
0.000677457,1.29222e-05,0.000700768,-9.79658e-05,0.000984992,1.00977e-05,-0.00644045,0.0235115,3.13964,0.00779042,-1,0,-1,366990,4.42991e+06,224.312,0.00111215,-0.0146436,0.0119962,-0.00250099,0.0283153,-1.09004e-05,-9.78775e-05,0.000985036,3.75477e-06,0.237024,-20,0.0999708,0,1621627945271202255
0.000677457,1.29222e-05,0.000700768,-9.79658e-05,0.000984992,1.00977e-05,-0.00644045,0.0235115,3.13964,0.00779042,-1,0,-1,366990,4.42991e+06,224.312,0.00111215,-0.0146436,0.0119962,-0.00250099,0.0283153,-1.09004e-05,-9.78775e-05,0.000985036,3.75477e-06,0.237024,-20,0.0999708,0,1621627945281219959
0.000677457,1.29222e-05,0.000700768,-9.79658e-05,0.000984992,1.00977e-05,-0.00644045,0.0235115,3.13964,0.00779042,-1,0,-1,366990,4.42991e+06,224.312,0.00111215,-0.0146436,0.0119962,-0.00250099,0.0283153,-1.09004e-05,-9.78775e-05,0.000985036,3.75477e-06,0.237024,-20,0.0999708,0,1621627945291208015
0.000351044,-5.85356e-05,-0.000781727,5.60276e-05,-0.00108854,7.07069e-05,-0.00643926,0.0234833,3.13964,0.00779042,-1,0,-1,366990,4.42991e+06,224.312,0.00135915,0.00147847,-0.0222414,0.00276509,-0.0407779,0.00119656,5.78529e-05,-0.00108806,7.77362e-05,0.236868,14.8005,0.0998735,0,1621627945301181449
0.000565414,-5.67711e-05,-0.00093325,6.48198e-05,-0.00155525,8.57181e-05,-0.00643826,0.0234612,3.13964,0.00778164,-1,0,-1,366990,4.42991e+06,224.312,7.76729e-05,0.0153634,-0.0087014,0.000549856,-0.0292107,0.000945304,6.70662e-05,-0.00155467,9.57557e-05,0.236595,14.7421,0.0997752,0,1621627945311199049
0.000721782,-4.79787e-05,-0.000426185,1.14396e-05,-0.000961549,7.9278e-05,-0.00643798,0.023449,3.13964,0.00779529,1,0,-1,366990,4.42991e+06,224.312,-0.00161139,0.0118336,0.0434039,-0.00433573,0.052408,-0.000568628,1.3444e-05,-0.000961019,8.54903e-05,0.236854,-20,0.0997639,0,1621627945321166441
0.000778635,-4.60343e-05,-0.000113006,-1.68053e-05,-0.000547313,7.50328e-05,-0.00643805,0.0234435,3.13964,0.00777888,1,0,-1,366990,4.42991e+06,224.312,-0.000965229,0.00510262,0.0354261,-0.00321261,0.0480254,-0.000496779,-1.49633e-05,-0.000546819,7.85764e-05,0.23669,-20,0.099779,0,1621627945331192633
0.000778635,-4.60343e-05,-0.000113006,-1.68053e-05,-0.000547313,7.50328e-05,-0.00643805,0.0234435,3.13964,0.0077757,1,0,-1,366990,4.42991e+06,224.312,-0.000965229,0.00510262,0.0354261,-0.00321261,0.0480254,-0.000496779,-1.49633e-05,-0.000546819,7.85764e-05,0.23669,-20,0.099779,0,1621627945341169919
0.000778485,-4.89816e-05,0.000376362,-6.24859e-05,0.000192685,6.78693e-05,-0.0064389,0.0234438,3.13964,0.0077757,1,0,-1,366990,4.42991e+06,224.312,-0.000306036,-0.00269697,0.0260625,-0.00248919,0.041988,-0.000412943,-6.09237e-05,0.000193118,6.66455e-05,0.236724,-20,0.0997956,0,1621627945351177261
0.000778485,-4.89816e-05,0.000376362,-6.24859e-05,0.000192685,6.78693e-05,-0.0064389,0.0234438,3.13964,0.00778166,1,0,-1,366990,4.42991e+06,224.312,-0.000306036,-0.00269697,0.0260625,-0.00248919,0.041988,-0.000412943,-6.09237e-05,0.000193118,6.66455e-05,0.236724,-20,0.0997956,0,1621627945361172998
0.000719857,-6.9739e-05,-0.000236288,1.22045e-05,-0.000624345,9.00209e-05,-0.00643896,0.0234349,3.13965,0.00778166,-1,0,-1,366990,4.42991e+06,224.312,0.0013322,0.000152256,-0.0262951,0.00334052,-0.0376685,0.00101267,1.44087e-05,-0.000623753,9.40649e-05,0.236772,14.7503,0.0997718,0,1621627945371205375
0.000781531,-7.17947e-05,-0.000459548,3.09268e-05,-0.00100036,0.000100644,-0.00643863,0.0234248,3.13965,0.00777505,-1,0,-1,366990,4.42991e+06,224.312,0.000565414,0.0067138,-0.0187922,0.00146171,-0.0328407,0.000937593,3.34356e-05,-0.000999694,0.000107112,0.236577,14.7378,0.0997267,0,1621627945381205015
0.000781531,-7.17947e-05,-0.000459548,3.09268e-05,-0.00100036,0.000100644,-0.00643863,0.0234248,3.13965,0.0077841,-1,0,-1,366990,4.42991e+06,224.312,0.000565414,0.0067138,-0.0187922,0.00146171,-0.0328407,0.000937593,3.34356e-05,-0.000999694,0.000107112,0.236577,14.7378,0.0997267,0,1621627945391233405
0.000949247,-7.0479e-05,-0.00071446,4.83507e-05,-0.0015033,0.000114969,-0.00643783,0.0234016,3.13965,0.0077841,-1,0,-1,366990,4.42991e+06,224.312,0.000188506,0.0115223,-0.0135548,0.000876965,-0.0287081,0.000817617,5.12681e-05,-0.00150253,0.000124678,0.236674,14.7378,0.0996903,0,1621627945401229403
0.00119548,-6.5691e-05,-0.000878388,5.72644e-05,-0.00191982,0.000126912,-0.00643687,0.0233716,3.13965,0.00780096,-1,0,-1,366990,4.42991e+06,224.312,-9.00469e-05,0.0160483,-0.00872717,0.000432974,-0.0241537,0.000696589,6.05199e-05,-0.00191897,0.000139305,0.2369,14.7375,0.0996529,0,1621627945411225223
0.00119548,-6.5691e-05,-0.000878388,5.72644e-05,-0.00191982,0.000126912,-0.00643687,0.0233716,3.13965,0.00781852,1,0,-1,366990,4.42991e+06,224.312,-9.00469e-05,0.0160483,-0.00872717,0.000432974,-0.0241537,0.000696589,6.05199e-05,-0.00191897,0.000139305,0.2369,14.7375,0.0996529,0,1621627945421169489
